INSERT INTO `Pokemon` (`Id_Pokemon`, `nom_Pokemon`, `estLegendaire`, `estFabuleux`, `tauxCapture`) VALUES
(252, "Arcko"      , 0, 0, 30),
(253, "Massko"     , 0, 0, 20),
(254, "Jungko"     , 0, 0,  5),
(255, "Poussifeu"  , 0, 0, 30),
(256, "Galifeu"    , 0, 0, 20),
(257, "Braségali"  , 0, 0,  5),
(258, "Gobou"      , 0, 0, 30),
(259, "Flobio"     , 0, 0, 20),
(260, "Laggron"    , 0, 0,  5),
(261, "Medhyèna"   , 0, 0, 40),
(262, "Grahyèna"   , 0, 0, 30),
(263, "Zigzaton"   , 0, 0, 40),
(264, "Linéon"     , 0, 0, 30),
(265, "Chenipotte" , 0, 0, 40),
(266, "Armulys"    , 0, 0, 40),
(267, "Charmillon" , 0, 0, 30),
(268, "Blindalys"  , 0, 0, 40),
(269, "Papinox"    , 0, 0, 30),
(270, "Nénupiot"   , 0, 0, 40),
(271, "Lombre"     , 0, 0, 30),
(272, "Ludicolo"   , 0, 0,  5),
(273, "Grainipiot" , 0, 0, 40),
(274, "Pifeuil"    , 0, 0, 30),
(275, "Tengalice"  , 0, 0,  5),
(276, "Nirondelle" , 0, 0, 40),
(277, "Hélédelle"  , 0, 0, 30),
(278, "Goélise"    , 0, 0, 40),
(279, "Bekipan"    , 0, 0, 30),
(280, "Tarsal"     , 0, 0, 30),
(281, "Kirlia"     , 0, 0, 20),
(282, "Gardevoir"  , 0, 0,  5),
(283, "Arakdo"     , 0, 0, 40),
(284, "Maskadra"   , 0, 0, 30),
(285, "Balignon"   , 0, 0, 30),
(286, "Chapignon"  , 0, 0, 20),
(287, "Parecool"   , 0, 0, 40),
(288, "Vigoroth"   , 0, 0, 30),
(289, "Monaflèmit" , 0, 0,  5),
(290, "Ningale"    , 0, 0, 40),
(291, "Ninjask"    , 0, 0, 30),
(292, "Munja"      , 0, 0, 30),
(293, "Chuchmur"   , 0, 0, 40),
(294, "Ramboum"    , 0, 0, 30),
(295, "Brouhabam"  , 0, 0,  5),
(296, "Makuhita"   , 0, 0, 40),
(297, "Hariyama"   , 0, 0, 30),
(298, "Azurill"    , 0, 0, 30),
(299, "Tarinor"    , 0, 0, 30),
(300, "Skitty"     , 0, 0, 40),
(301, "Delcatty"   , 0, 0, 30),
(302, "Ténéfix"    , 0, 0,  5),
(303, "Mysdibule"  , 0, 0,  5),
(304, "Galekid"    , 0, 0, 30),
(305, "Galegon"    , 0, 0, 20),
(306, "Galeking"   , 0, 0,  5),
(307, "Méditikka"  , 0, 0, 40),
(308, "Charmina"   , 0, 0, 30),
(309, "Dynavolt"   , 0, 0, 40),
(310, "Élecsprint" , 0, 0, 30),
(311, "Posipi"     , 0, 0, 30),
(312, "Négapi"     , 0, 0, 30),
(313, "Muciole"    , 0, 0, 30),
(314, "Lumivole"   , 0, 0, 30),
(315, "Rosélia"    , 0, 0, 20),
(316, "Gloupti"    , 0, 0, 40),
(317, "Avaltout"   , 0, 0, 30),
(318, "Carvanha"   , 0, 0, 30),
(319, "Sharpedo"   , 0, 0, 20),
(320, "Wailmer"    , 0, 0, 20),
(321, "Wailord"    , 0, 0,  5),
(322, "Chamallot"  , 0, 0, 30),
(323, "Camérupt"   , 0, 0, 20),
(324, "Chartor"    , 0, 0,  5),
(325, "Spoink"     , 0, 0, 30),
(326, "Groret"     , 0, 0, 20),
(327, "Spinda"     , 0, 0, 30),
(328, "Kraknoix"   , 0, 0, 20),
(329, "Vibraninf"  , 0, 0,  5),
(330, "Libégon"    , 0, 0,  3),
(331, "Cacnea"     , 0, 0, 30),
(332, "Cacturne"   , 0, 0, 20),
(333, "Tylton"     , 0, 0, 20),
(334, "Altaria"    , 0, 0,  5),
(335, "Mangriff"   , 0, 0,  5),
(336, "Séviper"    , 0, 0,  5),
(337, "Séléroc"    , 0, 0,  5),
(338, "Solaroc"    , 0, 0,  5),
(339, "Barloche"   , 0, 0, 30),
(340, "Barbicha"   , 0, 0, 20),
(341, "Écrapince"  , 0, 0, 30),
(342, "Colhomard"  , 0, 0, 20),
(343, "Balbuto"    , 0, 0, 30),
(344, "Kaorine"    , 0, 0, 20),
(345, "Lilia"      , 0, 0, 20),
(346, "Vacilys"    , 0, 0,  5),
(347, "Anorith"    , 0, 0, 20),
(348, "Armaldo"    , 0, 0,  5),
(349, "Barpau"     , 0, 0,  5),
(350, "Milobellus" , 0, 0,  3),
(351, "Morphéo"    , 0, 0,  5),
(352, "Kecleon"    , 0, 0, 20),
(353, "Polichombr" , 0, 0, 30),
(354, "Branette"   , 0, 0, 20),
(355, "Skelénox"   , 0, 0, 30),
(356, "Téraclope"  , 0, 0, 20),
(357, "Tropius"    , 0, 0, 20),
(358, "Éoko"       , 0, 0, 20),
(359, "Absol"      , 0, 0,  5),
(360, "Okéoké"     , 0, 0, 30),
(361, "Stalgamin"  , 0, 0, 20),
(362, "Oniglali"   , 0, 0,  5),
(363, "Obalie"     , 0, 0, 30),
(364, "Phogleur"   , 0, 0, 20),
(365, "Kaimorse"   , 0, 0,  5),
(366, "Coquiperl"  , 0, 0, 20),
(367, "Serpang"    , 0, 0,  5),
(368, "Rosabyss"   , 0, 0,  5),
(369, "Relicanth"  , 0, 0,  5),
(370, "Lovdisc"    , 0, 0, 20),
(371, "Draby"      , 0, 0, 20),
(372, "Drackhaus"  , 0, 0,  5),
(373, "Drattak"    , 0, 0,  3),
(374, "Terhal"     , 0, 0, 20),
(375, "Métang"     , 0, 0,  5),
(376, "Métalosse"  , 0, 0,  3),
(377, "Regirock"   , 1, 0,  3),
(378, "Regice"     , 1, 0,  3),
(379, "Registeel"  , 1, 0,  3),
(380, "Latias"     , 1, 0,  3),
(381, "Latios"     , 1, 0,  3),
(382, "Kyogre"     , 1, 0,  2),
(383, "Groudon"    , 1, 0,  2),
(384, "Rayquaza"   , 1, 0,  2),
(385, "Jirachi"    , 0, 1,  2),
(386, "Deoxys"     , 1, 0,  2),
( 387, "Tortipouss", 0, 0, 30),
( 388, "Boskara"   , 0, 0, 20),
( 389, "Torterra"  , 0, 0,  5),
( 390, "Ouisticram", 0, 0, 30),
( 391, "Chimpenfeu", 0, 0, 20),
( 392, "Simiabraz" , 0, 0,  5),
( 393, "Tiplouf"   , 0, 0, 30),
( 394, "Prinplouf" , 0, 0, 20),
( 395, "Pingoléon" , 0, 0,  5),
( 396, "Étourmi"   , 0, 0, 40),
( 397, "Étourvol"  , 0, 0, 30),
( 398, "Étouraptor", 0, 0, 20),
( 399, "Keunotor"  , 0, 0, 40),
( 400, "Castorno"  , 0, 0, 30),
( 401, "Crikzik"   , 0, 0, 40),
( 402, "Mélokrik"  , 0, 0, 30),
( 403, "Lixy"      , 0, 0, 40),
( 404, "Luxio"     , 0, 0, 30),
( 405, "Luxray"    , 0, 0, 20),
( 406, "Rozbouton" , 0, 0, 20),
( 407, "Roserade"  , 0, 0,  5),
( 408, "Kranidos"  , 0, 0, 20),
( 409, "Charkos"   , 0, 0,  5),
( 410, "Dinoclier" , 0, 0, 20),
( 411, "Bastiodon" , 0, 0,  5),
( 412, "Cheniti"   , 0, 0, 40),
( 413, "Cheniselle", 0, 0, 30),
( 414, "Papilord"  , 0, 0, 30),
( 415, "Apitrini"  , 0, 0, 40),
( 416, "Apireine"  , 0, 0, 20),
( 417, "Pachirisu" , 0, 0, 40),
( 418, "Mustébouée", 0, 0, 40),
( 419, "Mustéflott", 0, 0, 30),
( 420, "Ceribou"   , 0, 0, 30),
( 421, "Ceriflor"  , 0, 0, 20),
( 422, "Sancoki"   , 0, 0, 40),
( 423, "Tritosor"  , 0, 0, 30),
( 424, "Capidextre", 0, 0,  5),
( 425, "Baudrive"  , 0, 0, 30),
( 426, "Grodrive"  , 0, 0, 20),
( 427, "Laporeille", 0, 0, 30),
( 428, "Lockpin"   , 0, 0, 20),
( 429, "Magirêve"  , 0, 0,  5),
( 430, "Corboss"   , 0, 0,  5),
( 431, "Chaglam"   , 0, 0, 30),
( 432, "Chaffreux" , 0, 0, 20),
( 433, "Korillon"  , 0, 0, 30),
( 434, "Moufouette", 0, 0, 30),
( 435, "Moufflair" , 0, 0, 20),
( 436, "Archéomire", 0, 0, 30),
( 437, "Archéodong", 0, 0, 20),
( 438, "Manzaï"    , 0, 0, 20),
( 439, "Mime Jr."  , 0, 0, 20),
( 440, "Ptiravi"   , 0, 0, 20),
( 441, "Pijako"    , 0, 0, 20),
( 442, "Spiritomb" , 0, 0,  3),
( 443, "Griknot"   , 0, 0, 20),
( 444, "Carmache"  , 0, 0,  5),
( 445, "Carchacrok", 0, 0,  3),
( 446, "Goinfrex"  , 0, 0, 20),
( 447, "Riolu"     , 0, 0, 20),
( 448, "Lucario"   , 0, 0,  5),
( 449, "Hippopotas", 0, 0, 30),
( 450, "Hippodocus", 0, 0, 20),
( 451, "Rapion"    , 0, 0, 20),
( 452, "Drascore"  , 0, 0,  5),
( 453, "Cradopaud" , 0, 0, 30),
( 454, "Coatox"    , 0, 0, 20),
( 455, "Vortente"  , 0, 0, 20),
( 456, "Écayon"    , 0, 0, 30),
( 457, "Luminéon"  , 0, 0, 20),
( 458, "Babimanta" , 0, 0, 20),
( 459, "Blizzi"    , 0, 0, 30),
( 460, "Blizzaroi" , 0, 0, 20),
( 461, "Dimoret"   , 0, 0,  5),
( 462, "Magnézone" , 0, 0,  5),
( 463, "Coudlangue", 0, 0,  5),
( 464, "Rhinastoc" , 0, 0,  5),
( 465, "Bouldeneu" , 0, 0,  5),
( 466, "Élekable"  , 0, 0,  5),
( 467, "Maganon"   , 0, 0,  5),
( 468, "Togekiss"  , 0, 0,  5),
( 469, "Yanmega"   , 0, 0,  5),
( 470, "Phyllali"  , 0, 0,  5),
( 471, "Givrali"   , 0, 0,  5),
( 472, "Scorvol"   , 0, 0,  5),
( 473, "Mammochon" , 0, 0,  5),
( 474, "Porygon-Z" , 0, 0,  3),
( 475, "Gallame"   , 0, 0,  5),
( 476, "Tarinorme" , 0, 0,  5),
( 477, "Noctunoir" , 0, 0,  5),
( 478, "Momartik"  , 0, 0,  5),
( 479, "Motisma"   , 0, 0,  3),
( 480, "Créhelf"   , 1, 0,  3),
( 481, "Créfollet" , 1, 0,  3),
( 482, "Créfadet"  , 1, 0,  3),
( 483, "Dialga"    , 1, 0,  2),
( 484, "Palkia"    , 1, 0,  2),
( 485, "Heatran"   , 1, 0,  2),
( 486, "Regigigas" , 1, 0,  2),
( 487, "Giratina"  , 1, 0,  2),
( 488, "Cresselia" , 1, 0,  2),
( 489, "Phione"    , 0, 1,  2),
( 490, "Manaphy"   , 0, 1,  2),
( 491, "Darkrai"   , 1, 0,  2),
( 492, "Shaymin"   , 0, 1,  2),
( 493, "Arceus"    , 0, 1,  2),
( 494, "Victini"   , 0, 1,  2),
( 495, "Vipélierre", 0, 0, 30),
( 496, "Lianaja"   , 0, 0, 20),
( 497, "Majaspic"  , 0, 0,  5),
( 498, "Gruikui"   , 0, 0, 30),
( 499, "Grotichon" , 0, 0, 20),
( 500, "Roitiflam" , 0, 0,  5),
( 501, "Moustillon", 0, 0, 30),
( 502, "Mateloutre", 0, 0, 20),
( 503, "Clamiral"  , 0, 0,  5),
( 504, "Ratentif"  , 0, 0, 40),
( 505, "Miradar"   , 0, 0, 30),
( 506, "Ponchiot"  , 0, 0, 40),
( 507, "Ponchien"  , 0, 0, 30),
( 508, "Mastouffe" , 0, 0, 20),
( 509, "Chacripan" , 0, 0, 40),
( 510, "Léopardus" , 0, 0, 30),
( 511, "Feuillajou", 0, 0, 30),
( 512, "Feuiloutan", 0, 0, 30),
( 513, "Flamajou"  , 0, 0, 30),
( 514, "Flamoutan" , 0, 0, 20),
( 515, "Flotajou"  , 0, 0, 20),
( 516, "Flotoutan" , 0, 0, 20),
( 517, "Munna"     , 0, 0, 40),
( 518, "Mushana"   , 0, 0, 30),
( 519, "Poichigeon", 0, 0, 40),
( 520, "Colombeau" , 0, 0, 30),
( 521, "Déflaisan" , 0, 0, 20),
( 522, "Zébibron"  , 0, 0, 30),
( 523, "Zéblitz"   , 0, 0, 20),
( 524, "Nodulithe" , 0, 0, 30),
( 525, "Géolithe"  , 0, 0, 20),
( 526, "Gigalithe" , 0, 0,  5),
( 527, "Chovsourir", 0, 0, 30),
( 528, "Rhinolove" , 0, 0, 20),
( 529, "Rototaupe" , 0, 0, 30),
( 530, "Minotaupe" , 0, 0, 20),
( 531, "Nanméouïe" , 0, 0,  5),
( 532, "Charpenti" , 0, 0, 30),
( 533, "Ouvrifier" , 0, 0, 20),
( 534, "Bétochef"  , 0, 0,  5),
( 535, "Tritonde"  , 0, 0, 40),
( 536, "Batracné"  , 0, 0, 30),
( 537, "Crapustule", 0, 0, 20),
( 538, "Judokrak"  , 0, 0,  5),
( 539, "Karaclée"  , 0, 0,  5),
( 540, "Larveyette", 0, 0, 40),
( 541, "Couverdure", 0, 0, 40),
( 542, "Manternel" , 0, 0, 30),
( 543, "Venipatte" , 0, 0, 40),
( 544, "Scobolide" , 0, 0, 40),
( 545, "Brutapode" , 0, 0, 30),
( 546, "Doudouvet" , 0, 0, 20),
( 547, "Farfaduvet", 0, 0,  5),
( 548, "Chlorobule", 0, 0, 20),
( 549, "Fragilady" , 0, 0,  5),
( 550, "Bargantua" , 0, 0, 30),
( 551, "Mascaïman" , 0, 0, 40),
( 552, "Escroco"   , 0, 0, 30),
( 553, "Crocorible", 0, 0,  5),
( 554, "Darumarond", 0, 0, 20),
( 555, "Darumacho" , 0, 0,  5),
( 556, "Maracachi" , 0, 0, 20),
( 557, "Crabicoque", 0, 0, 30),
( 558, "Crabaraque", 0, 0, 20),
( 559, "Baggiguane", 0, 0, 30),
( 560, "Baggaïd"   , 0, 0, 20),
( 561, "Cryptéro"  , 0, 0, 20),
( 562, "Tutafeh"   , 0, 0, 20),
( 563, "Tutankafer", 0, 0,  5),
( 564, "Carapagos" , 0, 0, 20),
( 565, "Mégapagos" , 0, 0,  5),
( 566, "Arkéapti"  , 0, 0, 20),
( 567, "Aéroptéryx", 0, 0,  5),
( 568, "Miamiasme" , 0, 0, 30),
( 569, "Miasmax"   , 0, 0, 20),
( 570, "Zorua"     , 0, 0, 20),
( 571, "Zoroark"   , 0, 0,  5),
( 572, "Chinchidou", 0, 0, 30),
( 573, "Pashmilla" , 0, 0,  5),
( 574, "Scrutella" , 0, 0, 30),
( 575, "Mesmérella", 0, 0, 20),
( 576, "Sidérella" , 0, 0,  5),
( 577, "Nucléos"   , 0, 0, 30),
( 578, "Méios"     , 0, 0, 20),
( 579, "Symbios"   , 0, 0,  5),
( 580, "Couaneton" , 0, 0, 40),
( 581, "Lakmécygne", 0, 0, 30),
( 582, "Sorbébé"   , 0, 0, 40),
( 583, "Sorboul"   , 0, 0, 30),
( 584, "Sorbouboul", 0, 0, 20),
( 585, "Vivaldaim" , 0, 0, 30),
( 586, "Haydaim"   , 0, 0, 20),
( 587, "Emolga"    , 0, 0, 20),
( 588, "Carabing"  , 0, 0, 20),
( 589, "Lançargot" , 0, 0, 20),
( 590, "Trompignon", 0, 0, 30),
( 591, "Gaulet"    , 0, 0, 20),
( 592, "Viskuse"   , 0, 0, 30),
( 593, "Moyade"    , 0, 0, 20),
( 594, "Mamanbo"   , 0, 0, 20),
( 595, "Statitik"  , 0, 0, 30),
( 596, "Mygavolt"  , 0, 0, 20),
( 597, "Grindur"   , 0, 0, 30),
( 598, "Noacier"   , 0, 0, 20),
( 599, "Tic"       , 0, 0, 30),
( 600, "Clic"      , 0, 0, 20),
( 601, "Cliticlic" , 0, 0,  5),
( 602, "Anchwatt"  , 0, 0, 30),
( 603, "Lampéroie" , 0, 0, 20),
( 604, "Ohmassacre", 0, 0,  5),
( 605, "Lewsor"    , 0, 0, 20),
( 606, "Neitram"   , 0, 0,  5),
( 607, "Funécire"  , 0, 0, 30),
( 608, "Mélancolux", 0, 0, 20),
( 609, "Lugulabre" , 0, 0,  5),
( 610, "Coupenotte", 0, 0, 20),
( 611, "Incisache" , 0, 0,  5),
( 612, "Tranchodon", 0, 0,  3),
( 613, "Polarhume" , 0, 0, 30),
( 614, "Polagriffe", 0, 0, 20),
( 615, "Hexagel"   , 0, 0,  5),
( 616, "Escargaume", 0, 0,  5),
( 617, "Limaspeed" , 0, 0,  5),
( 618, "Limonde"   , 0, 0,  5),
( 619, "Kungfouine", 0, 0, 20),
( 620, "Shaofouine", 0, 0,  5),
( 621, "Drakkarmin", 0, 0,  3),
( 622, "Gringolem" , 0, 0, 20),
( 623, "Golemastoc", 0, 0,  5),
( 624, "Scalpion"  , 0, 0, 20),
( 625, "Scalproie" , 0, 0,  5),
( 626, "Frison"    , 0, 0, 20),
( 627, "Furaiglon" , 0, 0, 20),
( 628, "Gueriaigle", 0, 0,  5),
( 629, "Vostourno" , 0, 0, 20),
( 630, "Vaututrice", 0, 0,  5),
( 631, "Aflamanoir", 0, 0,  5),
( 632, "Fermite"   , 0, 0,  5),
( 633, "Solochi"   , 0, 0, 20),
( 634, "Diamat"    , 0, 0,  5),
( 635, "Trioxhydre", 0, 0,  3),
( 636, "Pyronille" , 0, 0,  5),
( 637, "Pyrax"     , 0, 0,  3),
( 638, "Cobaltium" , 1, 0,  3),
( 639, "Terrakium" , 1, 0,  3),
( 640, "Viridium"  , 1, 0,  3),
( 641, "Boréas"    , 1, 0,  3),
( 642, "Fulguris"  , 1, 0,  3),
( 643, "Reshiram"  , 1, 0,  2),
( 644, "Zekrom"    , 1, 0,  2),
( 645, "Démétéros" , 1, 0,  3),
( 646, "Kyurem"    , 1, 0,  2),
( 647, "Keldeo"    , 0, 1,  2),
( 648, "Meloetta"  , 0, 1,  2),
( 649, "Genesect"  , 0, 1,  2),
( 650, "Marisson"  , 0, 0, 30),
( 651, "Boguérisse", 0, 0, 20),
( 652, "Blindépique", 0, 0,  5),
( 653, "Feunnec"   , 0, 0, 30),
( 654, "Roussil"   , 0, 0, 20),
( 655, "Goupelin"  , 0, 0,  5),
( 656, "Grenousse" , 0, 0, 30),
( 657, "Croâporal" , 0, 0, 20),
( 658, "Amphinobi" , 0, 0,  5),
( 659, "Sapereau"  , 0, 0, 40),
( 660, "Excavarenne", 0, 0, 30),
( 661, "Passerouge", 0, 0, 40),
( 662, "Braisillon", 0, 0, 30),
( 663, "Flambusard", 0, 0, 20),
( 664, "Lépidonille", 0, 0, 40),
( 665, "Pérégrain" , 0, 0, 40),
( 666, "Prismillon", 0, 0, 30),
( 667, "Hélionceau", 0, 0, 40),
( 668, "Némélios"  , 0, 0, 30),
( 669, "Flabébé"   , 0, 0, 40),
( 670, "Floette"   , 0, 0, 30),
( 671, "Florges"   , 0, 0, 20),
( 672, "Cabriolaine", 0, 0, 30),
( 673, "Chevroum"  , 0, 0, 20),
( 674, "Pandespiègle", 0, 0, 30),
( 675, "Pandarbare", 0, 0, 20),
( 676, "Couafarel" , 0, 0, 20),
( 677, "Psystigri" , 0, 0, 30),
( 678, "Mistigrix" , 0, 0, 20),
( 679, "Monorpale" , 0, 0, 30),
( 680, "Dimoclès"  , 0, 0, 20),
( 681, "Exagide"   , 0, 0,  5),
( 682, "Fluvetin"  , 0, 0, 20),
( 683, "Cocotine"  , 0, 0,  5),
( 684, "Sucroquin" , 0, 0, 20),
( 685, "Cupcanaille", 0, 0,  5),
( 686, "Sepiatop"  , 0, 0, 30),
( 687, "Sepiatroce", 0, 0, 20),
( 688, "Opermine"  , 0, 0, 30),
( 689, "Golgopathe", 0, 0, 20),
( 690, "Venalgue"  , 0, 0, 20),
( 691, "Kravarech" , 0, 0,  5),
( 692, "Flingouste", 0, 0, 30),
( 693, "Gamblast"  , 0, 0, 20),
( 694, "Galvaran"  , 0, 0, 30),
( 695, "Iguolta"   , 0, 0, 20),
( 696, "Ptyranidur", 0, 0, 20),
( 697, "Rexillius" , 0, 0,  5),
( 698, "Amagara"   , 0, 0, 20),
( 699, "Dragmara"  , 0, 0,  5),
( 700, "Nymphali"  , 0, 0,  5),
( 701, "Brutalibré", 0, 0,  5),
( 702, "Dedenne"   , 0, 0, 20),
( 703, "Strassie"  , 0, 0, 20),
( 704, "Mucuscule" , 0, 0, 20),
( 705, "Colimucus" , 0, 0,  5),
( 706, "Muplodocus", 0, 0,  3),
( 707, "Trousselin", 0, 0,  5),
( 708, "Brocélôme" , 0, 0, 30),
( 709, "Desséliande", 0, 0, 20),
( 710, "Pitrouille", 0, 0, 30),
( 711, "Banshitrouye", 0, 0, 20),
( 712, "Grelaçon"  , 0, 0, 30),
( 713, "Séracrawl" , 0, 0, 20),
( 714, "Sonistrelle", 0, 0, 20),
( 715, "Bruyverne" , 0, 0,  5),
( 716, "Xerneas"   , 1, 0,  2),
( 717, "Yveltal"   , 1, 0,  2),
( 718, "Zygarde"   , 1, 0,  2),
( 719, "Diancie"   , 0, 1,  2),
( 720, "Hoopa"     , 0, 1,  2),
( 721, "Volcanion" , 0, 1,  2),
( 722, "Brindibou" , 0, 0, 30),
( 723, "Efflèche"  , 0, 0, 20),
( 724, "Archéduc"  , 0, 0,  5),
( 725, "Flamiaou"  , 0, 0, 30),
( 726, "Matoufeu"  , 0, 0, 20),
( 727, "Félinferno", 0, 0,  5),
( 728, "Otaquin"   , 0, 0, 30),
( 729, "Otarlette" , 0, 0, 20),
( 730, "Oratoria"  , 0, 0,  5),
( 731, "Picassaut" , 0, 0, 40),
( 732, "Piclairon" , 0, 0, 30),
( 733, "Bazoucan"  , 0, 0, 20),
( 734, "Manglouton", 0, 0, 40),
( 735, "Argouste"  , 0, 0, 30),
( 736, "Larvibule" , 0, 0, 40),
( 737, "Chrysapile", 0, 0, 40),
( 738, "Lucanon"   , 0, 0, 30),
( 739, "Crabagarre", 0, 0, 40),
( 740, "Crabominable", 0, 0, 30),
( 741, "Plumeline" , 0, 0, 20),
( 742, "Bombydou"  , 0, 0, 40),
( 743, "Rubombelle", 0, 0, 30),
( 744, "Rocabot"   , 0, 0, 30),
( 745, "Lougaroc"  , 0, 0, 20),
( 746, "Froussardine", 0, 0, 30),
( 747, "Vorastérie", 0, 0, 30),
( 748, "Prédastérie", 0, 0, 20),
( 749, "Tiboudet"  , 0, 0, 30),
( 750, "Bourrinos" , 0, 0, 20),
( 751, "Araqua"    , 0, 0, 30),
( 752, "Tarenbulle", 0, 0, 20),
( 753, "Mimantis"  , 0, 0, 30),
( 754, "Floramantis", 0, 0, 20),
( 755, "Spododo"   , 0, 0, 40),
( 756, "Lampignon" , 0, 0, 30),
( 757, "Tritox"    , 0, 0, 30),
( 758, "Malamandre", 0, 0,  5),
( 759, "Nounourson", 0, 0, 30),
( 760, "Chelours"  , 0, 0, 20),
( 761, "Croquine"  , 0, 0, 30),
( 762, "Candine"   , 0, 0, 20),
( 763, "Sucreine"  , 0, 0,  5),
( 764, "Guérilande", 0, 0, 20),
( 765, "Gouroutan" , 0, 0,  5),
( 766, "Quartermac", 0, 0,  5),
( 767, "Sovkipou"  , 0, 0, 20),
( 768, "Sarmuraï"  , 0, 0,  5),
( 769, "Bacabouh"  , 0, 0, 30),
( 770, "Trépassable", 0, 0, 20),
( 771, "Concombaffe", 0, 0,  0),
( 772, "Type:0"    , 0, 0,  5),
( 773, "Silvallié" , 0, 0,  3),
( 774, "Météno"    , 0, 0, 20),
( 775, "Dodoala"   , 0, 0, 20),
( 776, "Boumata"   , 0, 0,  5),
( 777, "Togedemaru", 0, 0, 20),
( 778, "Mimiqui"   , 0, 0, 20),
( 779, "Denticrisse", 0, 0, 20),
( 780, "Draïeul"   , 0, 0,  5),
( 781, "Sinistrail", 0, 0, 20),
( 782, "Bébécaille", 0, 0, 20),
( 783, "Écaïd"     , 0, 0,  5),
( 784, "Ékaïser"   , 0, 0,  3),
( 785, "Tokorico"  , 1, 0,  3),
( 786, "Tokopiyon" , 1, 0,  3),
( 787, "Tokotoro"  , 1, 0,  3),
( 788, "Tokopisco" , 1, 0,  3),
( 789, "Cosmog"    , 1, 0,  2),
( 790, "Cosmovum"  , 1, 0,  2),
( 791, "Solgaleo"  , 1, 0,  2),
( 792, "Lunala"    , 1, 0,  2),
( 793, "Zéroïd"    , 0, 0,  3),
( 794, "Mouscoto"  , 0, 0,  3),
( 795, "Cancrelove", 0, 0,  3),
( 796, "Câblifère" , 0, 0,  3),
( 797, "Bamboiselle", 0, 0,  3),
( 798, "Katagami"  , 0, 0,  3),
( 799, "Engloutyran", 0, 0,  3),
( 800, "Necrozma"  , 1, 0,  2),
( 801, "Magearna"  , 0, 1,  2),
( 802, "Marshadow" , 0, 1,  2),
( 803, "Vémini"    , 0, 0,  3),
( 804, "Mandrillon", 0, 0,  2),
( 805, "Ama-ama"   , 0, 0,  3),
( 806, "Pierroteknik", 0, 0,  3),
( 807, "Zeraora"   , 0, 1,  2),
( 808, "Meltan"    , 0, 1,  3),
( 809, "Melmetal"  , 0, 1,  2),
( 810, "Ouistempo" , 0, 0, 30), 
( 811, "Badabouin" , 0, 0, 20),
( 812, "Gorythmic" , 0, 0,  5),
( 813, "Flambino"  , 0, 0, 30),
( 814, "Lapyro"    , 0, 0, 20),
( 815, "Pyrobut"   , 0, 0,  5),
( 816, "Larméléon" , 0, 0, 30),
( 817, "Arrozard"  , 0, 0, 20),
( 818, "Lézargus"  , 0, 0,  5),
( 819, "Rongourmand", 0, 0, 40),
( 820, "Rongrigou" , 0, 0, 30),
( 821, "Minisange" , 0, 0, 40),
( 822, "Bleuseille", 0, 0, 30),
( 823, "Corvaillus", 0, 0, 20),
( 824, "Larvadar"  , 0, 0, 40),
( 825, "Coléodôme" , 0, 0, 40),
( 826, "Astronelle", 0, 0, 30),
( 827, "Goupilou"  , 0, 0, 40),
( 828, "Roublenard", 0, 0, 30),
( 829, "Tournicoton", 0, 0, 40),
( 830, "Blancoton" , 0, 0, 30),
( 831, "Moumouton" , 0, 0, 40),
( 832, "Moumouflon", 0, 0, 30),
( 833, "Khélocrok" , 0, 0, 40),
( 834, "Torgamord" , 0, 0, 30),
( 835, "Voltoutou" , 0, 0, 30),
( 836, "Fulgudog"  , 0, 0, 20),
( 837, "Charbi"    , 0, 0, 40),
( 838, "Wagomine"  , 0, 0, 30),
( 839, "Monthracite", 0, 0, 20),
( 840, "Verpom"    , 0, 0, 20),
( 841, "Pomdrapi"  , 0, 0,  5),
( 842, "Dratatin"  , 0, 0,  5),
( 843, "Dunaja"    , 0, 0, 30),
( 844, "Dunaconda" , 0, 0, 20),
( 845, "Nigosier"  , 0, 0, 30),
( 846, "Embrochet" , 0, 0, 40),
( 847, "Hastacuda" , 0, 0, 30),
( 848, "Toxizap"   , 0, 0, 30),
( 849, "Salarsen"  , 0, 0, 20),
( 850, "Grillepattes", 0, 0, 30),
( 851, "Scolocendre", 0, 0, 20),
( 852, "Poulpaf"   , 0, 0, 30),
( 853, "Krakos"    , 0, 0, 20),
( 854, "Théffroi"  , 0, 0, 20),
( 855, "Polthégeist", 0, 0,  5),
( 856, "Bibichut"  , 0, 0, 40),
( 857, "Chapotus"  , 0, 0, 30),
( 858, "Sorcilence", 0, 0, 20),
( 859, "Grimalin"  , 0, 0, 40),
( 860, "Fourbelin" , 0, 0, 30),
( 861, "Angoliath" , 0, 0, 20),
( 862, "Ixon"      , 0, 0, 20),
( 863, "Berserkatt", 0, 0, 20),
( 864, "Corayôme"  , 0, 0,  5),
( 865, "Palarticho", 0, 0,  5),
( 866, "M. Glaquette", 0, 0,  5),
( 867, "Tutétékri" , 0, 0,  5),
( 868, "Crèmy"     , 0, 0, 30),
( 869, "Charmilly" , 0, 0, 20),
( 870, "Hexadron"  , 0, 0, 20),
( 871, "Wattapik"  , 0, 0, 20),
( 872, "Frissonille", 0, 0, 30),
( 873, "Beldeneige", 0, 0, 20),
( 874, "Dolman"    , 0, 0, 20),
( 875, "Bekaglaçon", 0, 0, 20),
( 876, "Wimessir"  , 0, 0, 20),
( 877, "Morpeko"   , 0, 0, 30),
( 878, "Charibari" , 0, 0, 20),
( 879, "Pachyradjah", 0, 0,  5),
( 880, "Galvagon"  , 0, 0,  5),
( 881, "Galvagla"  , 0, 0,  5),
( 882, "Hydragon"  , 0, 0,  5),
( 883, "Hydragla"  , 0, 0,  5),
( 884, "Duralugon" , 0, 0,  5),
( 885, "Fantyrm"   , 0, 0, 20),
( 886, "Dispareptil", 0, 0,  5),
( 887, "Lanssorien", 0, 0,  3),
( 888, "Zacian"    , 1, 0,  2),
( 889, "Zamazenta" , 1, 0,  2),
( 890, "Éthernatos", 1, 0,  2),
( 891, "Wushours"  , 1, 0,  2),
( 892, "Shifours"  , 1, 0,  2),
( 893, "Zarude"    , 0, 1,  2),
( 894, "Regieleki" , 1, 0,  3),
( 895, "Regidrago" , 1, 0,  3),
( 896, "Blizzeval" , 1, 0,  3),
( 897, "Spectreval", 1, 0,  3),
( 898, "Sylveroy"  , 1, 0,  3),
( 899, "Cerbyllin" , 0, 0,  5),
( 900, "Hachécateur", 0, 0,  5),
( 901, "Ursaking"  , 0, 0,  5),
( 902, "Paragruel" , 0, 0,  5),
( 903, "Farfurex"  , 0, 0,  5),
( 904, "Qwilpik"   , 0, 0, 20),
( 905, "Amovénus"  , 1, 0,  3),
( 906, "Poussacha" , 0, 0, 30),
( 907, "Matourgeon", 0, 0, 20),
( 908, "Miascarade", 0, 0,  5),
( 909, "Chochodile", 0, 0, 30),
( 910, "Crocogril" , 0, 0, 20),
( 911, "Flâmigator", 0, 0,  5),
( 912, "Coiffeton" , 0, 0, 30),
( 913, "Canarbello", 0, 0, 20),
( 914, "Palmaval"  , 0, 0,  5),
( 915, "Gourmelet" , 0, 0, 40),
( 916, "Fragroin"  , 0, 0, 30),
( 917, "Tissenboule" , 0, 0, 40),
( 918, "Filentrappe" , 0, 0, 30),
( 919, "Lilliterelle", 0, 0, 40),
( 920, "Gambex"      , 0, 0, 30),
( 921, "Pohm"        , 0, 0, 40),
( 922, "Pohmotte"    , 0, 0, 30),
( 923, "Pohmarmotte" , 0, 0, 20),
( 924, "Compagnol"   , 0, 0, 40),
( 925, "Famignol"    , 0, 0, 30),
( 926, "Pâtachiot"   , 0, 0, 40),
( 927, "Briochien"   , 0, 0, 30),
( 928, "Olivini"     , 0, 0, 40),
( 929, "Olivado"     , 0, 0, 30),
( 930, "Arboliva"    , 0, 0, 20),
( 931, "Tapatoès"    , 0, 0, 30),
( 932, "Selutin"     , 0, 0, 40),
( 933, "Amassel"     , 0, 0, 30),
( 934, "Gigansel"    , 0, 0, 20),
( 935, "Charbambin"  , 0, 0, 30),
( 936, "Carmadura"   , 0, 0,  5),
( 937, "Malvalame"   , 0, 0,  5),
( 938, "Têtampoule"  , 0, 0, 40),
( 939, "Ampibidou"   , 0, 0, 30),
( 940, "Zapétrel"    , 0, 0, 40),
( 941, "Fulgulairo"  , 0, 0, 30),
( 942, "Grondogue"   , 0, 0, 30),
( 943, "Dogrino"     , 0, 0, 20),
( 944, "Gribouraigne", 0, 0, 30),
( 945, "Tag-Tag"     , 0, 0, 20),
( 946, "Virovent"    , 0, 0, 30),
( 947, "Virevorreur" , 0, 0, 20),
( 948, "Terracool"   , 0, 0, 30),
( 949, "Terracruel"  , 0, 0, 20),
( 950, "Craparoi"    , 0, 0, 20),
( 951, "Pimito"      , 0, 0, 30),
( 952, "Scovilain"   , 0, 0,  5),
( 953, "Léboulérou"  , 0, 0, 30),
( 954, "Bérasca"     , 0, 0, 20),
( 955, "Flotillon"   , 0, 0, 30),
( 956, "Cléopsytra"  , 0, 0, 20),
( 957, "Forgerette"  , 0, 0, 30),
( 958, "Forgella"    , 0, 0, 20),
( 959, "Forgelina"   , 0, 0,  5),
( 960, "Taupikeau"   , 0, 0, 30),
( 961, "Triopikeau"  , 0, 0, 20),
( 962, "Lestombaile" , 0, 0, 20),
( 963, "Dofin"       , 0, 0, 40),
( 964, "Superdofin"  , 0, 0, 20),
( 965, "Vrombi"      , 0, 0, 30),
( 966, "Vrombotor"   , 0, 0, 20),
( 967, "Motorizard"  , 0, 0,  5),
( 968, "Ferdeter"    , 0, 0,  5),
( 969, "Germéclat"   , 0, 0, 20),
( 970, "Floréclat"   , 0, 0,  5),
( 971, "Toutombe"    , 0, 0, 30),
( 972, "Tomberro"    , 0, 0, 20),
( 973, "Flamenroule" , 0, 0, 30),
( 974, "Piétacé"     , 0, 0, 30),
( 975, "Balbalèze"   , 0, 0, 20),
( 976, "Délestin"    , 0, 0, 20),
( 977, "Oyacata"     , 0, 0, 20),
( 978, "Nigirigon"   , 0, 0,  5),
( 979, "Courrousinge", 0, 0,  5),
( 980, "Terraiste"   , 0, 0, 30),
( 981, "Farigiraf"   , 0, 0, 20),
( 982, "Deusolourdo" , 0, 0, 20),
( 983, "Scalpereur"  , 0, 0,  5),
( 984, "Fort-Ivoire" , 0, 0,  0),
( 985, "Hurle-Queue" , 0, 0,  3),
( 986, "Fongus-Furie", 0, 0,  3),
( 987, "Flotte-Mèche", 0, 0,  3),
( 988, "Rampe-Ailes" , 0, 0,  3),
( 989, "Pelage-Sablé", 0, 0,  3),
( 990, "Roue-de-Fer" , 0, 0,  3),
( 991, "Hotte-de-Fer", 0, 0,  3),
( 992, "Paume-de-Fer", 0, 0,  3),
( 993, "Têtes-de-Fer", 0, 0,  3),
( 994, "Mite-de-Fer" , 0, 0,  3),
( 995, "Épine-de-Fer", 0, 0,  3),
( 996, "Frigodo"     , 0, 0, 20),
( 997, "Cryodo"      , 0, 0,  5),
( 998, "Glaivodo"    , 0, 0,  3),
( 999, "Mordudor"    , 0, 0,  5),
(1000, "Gromago"     , 0, 0,  3),
(1001, "Chongjian"   , 1, 0,  3),
(1002, "Baojian"     , 1, 0,  3),
(1003, "Dinglu"      , 1, 0,  3),
(1004, "Yuyu"        , 1, 0,  3),
(1005, "Rugit-Lune"  , 0, 0,  2),
(1006, "Garde-de-Fer", 0, 0,  2),
(1007, "Koraidon"    , 1, 0,  2),
(1008, "Miraidon"    , 1, 0,  2),
(1009, "Serpente-Eau", 0, 0,  2),
(1010, "Vert-de-Fer" , 0, 0,  2),
(1011, "Pomdramour"  , 0, 0,  5),
(1012, "Poltchageist", 0, 0, 20),
(1013, "Théffroyable", 0, 0,  5),
(1014, "Félicanis"   , 0, 0,  3),
(1015, "Fortusimia"  , 0, 0,  3),
(1016, "Favianos"    , 0, 0,  3),
(1017, "Ogerpon"     , 1, 0,  2),
(1018, "Pondralugon" , 0, 0,  3),
(1019, "Pomdorochi"  , 0, 0,  3),
(1020, "Feu-Perçant" , 0, 0,  2),
(1021, "Ire-Foudre"  , 0, 0,  2),
(1022, "Roc-de-Fer"  , 0, 0,  2),
(1023, "Chef-de-Fer" , 0, 0,  2),
(1024, "Terapagos"   , 1, 0,  2),
(1025, "Pêchaminus"  , 0, 1,  2);

/* Tout est validé depuis ici */

INSERT INTO `Est_de_type` (`Id_Pokemon`, `Id_Type`) VALUES
( 252,  4),
( 253,  4),
( 254,  4),
( 255,  2),
( 256,  2),
( 256,  7),
( 257,  2),
( 257,  7),
( 258,  3),
( 259,  3),
( 259,  9),
( 260,  3),
( 260,  9),
( 261, 16),
( 262, 16),
( 263,  1),
( 264,  1),
( 265, 12),
( 266, 12),
( 267, 12),
( 267, 10),
( 268, 12),
( 269, 12),
( 269,  8),
( 270,  3),
( 270,  4),
( 271,  3),
( 271,  4),
( 272,  3),
( 272,  4),
( 273,  4),
( 274,  4),
( 274, 16),
( 275,  4),
( 275, 16),
( 276,  1),
( 276, 10),
( 277,  1),
( 277, 10),
( 278,  3),
( 278, 10),
( 279,  3),
( 279, 10),
( 280, 11),
( 280, 18),
( 281, 11),
( 281, 18),
( 282, 11),
( 282, 18),
( 283, 12),
( 283,  3),
( 284, 12),
( 284, 10),
( 285,  4),
( 286,  4),
( 286,  7),
( 287,  1),
( 288,  1),
( 289,  1),
( 290, 12),
( 290,  9),
( 291, 12),
( 291, 10),
( 292, 12),
( 292, 14),
( 293,  1),
( 294,  1),
( 295,  1),
( 296,  7),
( 297,  7),
( 298,  1),
( 298, 18),
( 299, 13),
( 300,  1),
( 301,  1),
( 302, 16),
( 302, 14),
( 303, 17),
( 303, 18),
( 304, 17),
( 304, 13),
( 305, 17),
( 305, 13),
( 306, 17),
( 306, 13),
( 307,  7),
( 307, 11),
( 308,  7),
( 308, 11),
( 309,  5),
( 310,  5),
( 311,  5),
( 312,  5),
( 313, 12),
( 314, 12),
( 315,  4),
( 315,  8),
( 316,  8),
( 317,  8),
( 318,  3),
( 318, 16),
( 319,  3),
( 319, 16),
( 320,  3),
( 321,  3),
( 322,  2),
( 322,  9),
( 323,  2),
( 323,  9),
( 324,  2),
( 325, 11),
( 326, 11),
( 327,  1),
( 328,  9),
( 329,  9),
( 329, 15),
( 330,  9),
( 330, 15),
( 331,  4),
( 332,  4),
( 332, 16),
( 333,  1),
( 333, 10),
( 334, 15),
( 334, 10),
( 335,  1),
( 336,  8),
( 337, 13),
( 337, 11),
( 338, 13),
( 338, 11),
( 339,  3),
( 339,  9),
( 340,  3),
( 340,  9),
( 341,  3),
( 342,  3),
( 342, 16),
( 343,  9),
( 343, 11),
( 344,  9),
( 344, 11),
( 345, 13),
( 345,  4),
( 346, 13),
( 346,  4),
( 347, 13),
( 347, 12),
( 348, 13),
( 348, 12),
( 349,  3),
( 350,  3),
( 351,  1),
( 352,  1),
( 353, 14),
( 354, 14),
( 355, 14),
( 356, 14),
( 357,  4),
( 357, 10),
( 358, 11),
( 359, 16),
( 360, 11),
( 361,  6),
( 362,  6),
( 363,  6),
( 363,  3),
( 364,  6),
( 364,  3),
( 365,  6),
( 365,  3),
( 366,  3),
( 367,  3),
( 368,  3),
( 369,  3),
( 369, 13),
( 370,  3),
( 371, 15),
( 372, 15),
( 373, 15),
( 373, 10),
( 374, 17),
( 374, 11),
( 375, 17),
( 375, 11),
( 376, 17),
( 376, 11),
( 377, 13),
( 378,  6),
( 379, 17),
( 380, 15),
( 380, 11),
( 381, 15),
( 381, 11),
( 382,  3),
( 383,  9),
( 384, 15),
( 384, 10),
( 385, 17),
( 385, 11),
( 386, 11),
( 387,  4),
( 388,  4),
( 389,  4),
( 389,  9),
( 390,  2),
( 391,  2),
( 391,  7),
( 392,  2),
( 392,  7),
( 393,  3),
( 394,  3),
( 395,  3),
( 395, 17),
( 396,  1),
( 396, 10),
( 397,  1),
( 397, 10),
( 398,  1),
( 398, 10),
( 399,  1),
( 400,  1),
( 400,  3),
( 401, 12),
( 402, 12),
( 403,  5),
( 404,  5),
( 405,  5),
( 406,  4),
( 406,  8),
( 407,  4),
( 407,  8),
( 408, 13),
( 409, 13),
( 410, 13),
( 410, 17),
( 411, 13),
( 411, 17),
( 412, 12),
( 413, 12),
( 413,  4),
( 414, 12),
( 414, 10),
( 415, 12),
( 415, 10),
( 416, 12),
( 416, 10),
( 417,  5),
( 418,  3),
( 419,  3),
( 420,  4),
( 421,  4),
( 422,  3),
( 423,  3),
( 423,  9),
( 424,  1),
( 425, 14),
( 425, 10),
( 426, 14),
( 426, 10),
( 427,  1),
( 428,  1),
( 429, 14),
( 430, 16),
( 430, 10),
( 431,  1),
( 432,  1),
( 433, 11),
( 434,  8),
( 434, 16),
( 435,  8),
( 435, 16),
( 436, 17),
( 436, 11),
( 437, 17),
( 437, 11),
( 438, 13),
( 439, 11),
( 439, 18),
( 440,  1),
( 441,  1),
( 441, 10),
( 442, 14),
( 442, 16),
( 443, 15),
( 443,  9),
( 444, 15),
( 444,  9),
( 445, 15),
( 445,  9),
( 446,  1),
( 447,  7),
( 448,  7),
( 448, 17),
( 449,  9),
( 450,  9),
( 451,  8),
( 451, 12),
( 452,  8),
( 452, 16),
( 453,  8),
( 453,  7),
( 454,  8),
( 454,  7),
( 455,  4),
( 456,  3),
( 457,  3),
( 458,  3),
( 458, 10),
( 459,  4),
( 459,  6),
( 460,  4),
( 460,  6),
( 461, 16),
( 461,  6),
( 462,  5),
( 462, 17),
( 463,  1),
( 464,  9),
( 464, 13),
( 465,  4),
( 466,  5),
( 467,  2),
( 468, 18),
( 468, 10),
( 469, 12),
( 469, 10),
( 470,  4),
( 471,  6),
( 472,  9),
( 472, 10),
( 473,  6),
( 473,  9),
( 474,  1),
( 475, 11),
( 475,  7),
( 476, 13),
( 476, 17),
( 477, 14),
( 478,  6),
( 478, 14),
( 479,  5),
( 479, 14),
( 480, 11),
( 481, 11),
( 482, 11),
( 483, 17),
( 483, 15),
( 484,  3),
( 484, 15),
( 485,  2),
( 485, 17),
( 486,  1),
( 487, 14),
( 487, 15),
( 488, 11),
( 489,  3),
( 490,  3),
( 491, 16),
( 492,  4),
( 493,  1),
( 494, 11),
( 494,  2),
( 495,  4),
( 496,  4),
( 497,  4),
( 498,  2),
( 499,  2),
( 499,  7),
( 500,  2),
( 500,  7),
( 501,  3),
( 502,  3),
( 503,  3),
( 504,  1),
( 505,  1),
( 506,  1),
( 507,  1),
( 508,  1),
( 509, 16),
( 510, 16),
( 511,  4),
( 512,  4),
( 513,  2),
( 514,  2),
( 515,  3),
( 516,  3),
( 517, 11),
( 518, 11),
( 519,  1),
( 519, 10),
( 520,  1),
( 520, 10),
( 521,  1),
( 521, 10),
( 522,  5),
( 523,  5),
( 524, 13),
( 525, 13),
( 526, 13),
( 527, 11),
( 527, 10),
( 528, 11),
( 528, 10),
( 529,  9),
( 530,  9),
( 530, 17),
( 531,  1),
( 532,  7),
( 533,  7),
( 534,  7),
( 535,  3),
( 536,  3),
( 536,  9),
( 537,  3),
( 537,  9),
( 538,  7),
( 539,  7),
( 540, 12),
( 540,  4),
( 541, 12),
( 541,  4),
( 542, 12),
( 542,  4),
( 543, 12),
( 543,  8),
( 544, 12),
( 544,  8),
( 545, 12),
( 545,  8),
( 546,  4),
( 546, 18),
( 547,  4),
( 547, 18),
( 548,  4),
( 549,  4),
( 550,  3),
( 551,  9),
( 551, 16),
( 552,  9),
( 552, 16),
( 553,  9),
( 553, 16),
( 554,  2),
( 555,  2),
( 556,  4),
( 557, 12),
( 557, 13),
( 558, 12),
( 558, 13),
( 559, 16),
( 559,  7),
( 560, 16),
( 560,  7),
( 561, 11),
( 561, 10),
( 562, 14),
( 563, 14),
( 564,  3),
( 564, 13),
( 565,  3),
( 565, 13),
( 566, 13),
( 566, 10),
( 567, 13),
( 567, 10),
( 568,  8),
( 569,  8),
( 570, 16),
( 571, 16),
( 572,  1),
( 573,  1),
( 574, 11),
( 575, 11),
( 576, 11),
( 577, 11),
( 578, 11),
( 579, 11),
( 580,  3),
( 580, 10),
( 581,  3),
( 581, 10),
( 582,  6),
( 583,  6),
( 584,  6),
( 585,  1),
( 585,  4),
( 586,  1),
( 586,  4),
( 587,  5),
( 587, 10),
( 588, 12),
( 589, 12),
( 589, 17),
( 590,  4),
( 590,  8),
( 591,  4),
( 591,  8),
( 592,  3),
( 592, 14),
( 593,  3),
( 593, 14),
( 594,  3),
( 595, 12),
( 595,  5),
( 596, 12),
( 596,  5),
( 597,  4),
( 597, 17),
( 598,  4),
( 598, 17),
( 599, 17),
( 600, 17),
( 601, 17),
( 602,  5),
( 603,  5),
( 604,  5),
( 605, 11),
( 606, 11),
( 607, 14),
( 607,  2),
( 608, 14),
( 608,  2),
( 609, 14),
( 609,  2),
( 610, 15),
( 611, 15),
( 612, 15),
( 613,  6),
( 614,  6),
( 615,  6),
( 616, 12),
( 617, 12),
( 618,  9),
( 618,  5),
( 619,  7),
( 620,  7),
( 621, 15),
( 622,  9),
( 622, 14),
( 623,  9),
( 623, 14),
( 624, 16),
( 624, 17),
( 625, 16),
( 625, 17),
( 626,  1),
( 627,  1),
( 627, 10),
( 628,  1),
( 628, 10),
( 629, 16),
( 629, 10),
( 630, 16),
( 630, 10),
( 631,  2),
( 632, 12),
( 632, 17),
( 633, 16),
( 633, 15),
( 634, 16),
( 634, 15),
( 635, 16),
( 635, 15),
( 636, 12),
( 636,  2),
( 637, 12),
( 637,  2),
( 638, 17),
( 638,  7),
( 639, 13),
( 639,  7),
( 640,  4),
( 640,  7),
( 641, 10),
( 642,  5),
( 642, 10),
( 643, 15),
( 643,  2),
( 644, 15),
( 644,  5),
( 645,  9),
( 645, 10),
( 646, 15),
( 646,  6),
( 647,  3),
( 647,  7),
( 648,  1),
( 648, 11),
( 649, 12),
( 649, 17),
( 650,  4),
( 651,  4),
( 652,  4),
( 652,  7),
( 653,  2),
( 654,  2),
( 655,  2),
( 655, 11),
( 656,  3),
( 657,  3),
( 658,  3),
( 658, 16),
( 659,  1),
( 660,  1),
( 660,  9),
( 661,  1),
( 661, 10),
( 662,  2),
( 662, 10),
( 663,  2),
( 663, 10),
( 664, 12),
( 665, 12),
( 666, 12),
( 666, 10),
( 667,  2),
( 667,  1),
( 668,  2),
( 668,  1),
( 669, 18),
( 670, 18),
( 671, 18),
( 672,  4),
( 673,  4),
( 674,  7),
( 675,  7),
( 675, 16),
( 676,  1),
( 677, 11),
( 678, 11),
( 679, 17),
( 679, 14),
( 680, 17),
( 680, 14),
( 681, 17),
( 681, 14),
( 682, 18),
( 683, 18),
( 684, 18),
( 685, 18),
( 686, 16),
( 686, 11),
( 687, 16),
( 687, 11),
( 688, 13),
( 688,  3),
( 689, 13),
( 689,  3),
( 690,  8),
( 690,  3),
( 691,  8),
( 691, 15),
( 692,  3),
( 693,  3),
( 694,  5),
( 694,  1),
( 695,  5),
( 695,  1),
( 696, 13),
( 696, 15),
( 697, 13),
( 697, 15),
( 698, 13),
( 698,  6),
( 699, 13),
( 699,  6),
( 700, 18),
( 701,  7),
( 701, 10),
( 702,  5),
( 702, 18),
( 703, 13),
( 703, 18),
( 704, 15),
( 705, 15),
( 706, 15),
( 707, 17),
( 707, 18),
( 708, 14),
( 708,  4),
( 709, 14),
( 709,  4),
( 710, 14),
( 710,  4),
( 711, 14),
( 711,  4),
( 712,  6),
( 713,  6),
( 714, 10),
( 714, 15),
( 715, 10),
( 715, 15),
( 716, 18),
( 717, 16),
( 717, 10),
( 718, 15),
( 718,  9),
( 719, 13),
( 719, 18),
( 720, 11),
( 720, 14),
( 721,  2),
( 721,  3),
( 722,  4),
( 722, 10),
( 723,  4),
( 723, 10),
( 724,  4),
( 724, 14),
( 725,  2),
( 726,  2),
( 727,  2),
( 727, 16),
( 728,  3),
( 729,  3),
( 730,  3),
( 730, 18),
( 731,  1),
( 731, 10),
( 732,  1),
( 732, 10),
( 733,  1),
( 733, 10),
( 734,  1),
( 735,  1),
( 736, 12),
( 737, 12),
( 737,  5),
( 738, 12),
( 738,  5),
( 739,  7),
( 740,  7),
( 740,  6),
( 741, 11),
( 741, 10),
( 742, 12),
( 742, 18),
( 743, 12),
( 743, 18),
( 744, 13),
( 745, 13),
( 746,  3),
( 747,  8),
( 747,  3),
( 748,  8),
( 748,  3),
( 749,  9),
( 750,  9),
( 751,  3),
( 751, 12),
( 752,  3),
( 752, 12),
( 753,  4),
( 754,  4),
( 755,  4),
( 755, 18),
( 756,  4),
( 756, 18),
( 757,  8),
( 757,  2),
( 758,  8),
( 758,  2),
( 759,  1),
( 759,  7),
( 760,  1),
( 760,  7),
( 761,  4),
( 762,  4),
( 763,  4),
( 764, 18),
( 765,  1),
( 765, 11),
( 766,  7),
( 767, 12),
( 767,  3),
( 768, 12),
( 768,  3),
( 769, 14),
( 769,  9),
( 770, 14),
( 770,  9),
( 771,  3),
( 772,  1),
( 773,  1),
( 774, 13),
( 774, 10),
( 775,  1),
( 776,  2),
( 776, 15),
( 777,  5),
( 777, 17),
( 778, 14),
( 778, 18),
( 779,  3),
( 779, 11),
( 780,  1),
( 780, 15),
( 781, 14),
( 781,  4),
( 782, 15),
( 783, 15),
( 783,  7),
( 784, 15),
( 784,  7),
( 785,  5),
( 785, 18),
( 786, 11),
( 786, 18),
( 787,  4),
( 787, 18),
( 788,  3),
( 788, 18),
( 789, 11),
( 790, 11),
( 791, 11),
( 791, 17),
( 792, 11),
( 792, 14),
( 793, 13),
( 793,  8),
( 794, 12),
( 794,  7),
( 795, 12),
( 795,  7),
( 796,  5),
( 797, 17),
( 797, 10),
( 798,  4),
( 798, 17),
( 799, 16),
( 799, 15),
( 800, 11),
( 801, 17),
( 801, 18),
( 802,  7),
( 802, 14),
( 803,  8),
( 804,  8),
( 804, 15),
( 805, 13),
( 805, 17),
( 806,  2),
( 806, 14),
( 807,  5),
( 808, 17),
( 809, 17),
( 810,  4),
( 811,  4),
( 812,  4),
( 813,  2),
( 814,  2),
( 815,  2),
( 816,  3),
( 817,  3),
( 818,  3),
( 819,  1),
( 820,  1),
( 821, 10),
( 822, 10),
( 823, 10),
( 823, 17),
( 824, 12),
( 825, 12),
( 825, 11),
( 826, 12),
( 826, 11),
( 827, 16),
( 828, 16),
( 829,  4),
( 830,  4),
( 831,  1),
( 832,  1),
( 833,  3),
( 834,  3),
( 834, 13),
( 835,  5),
( 836,  5),
( 837, 13),
( 838, 13),
( 838,  2),
( 839, 13),
( 839,  2),
( 840,  4),
( 840, 15),
( 841,  4),
( 841, 15),
( 842,  4),
( 842, 15),
( 843,  9),
( 844,  9),
( 845, 10),
( 845,  3),
( 846,  3),
( 847,  3),
( 848,  5),
( 848,  8),
( 849,  5),
( 849,  8),
( 850,  2),
( 850, 12),
( 851,  2),
( 851, 12),
( 852,  7),
( 853,  7),
( 854, 14),
( 855, 14),
( 856, 11),
( 857, 11),
( 858, 11),
( 858, 18),
( 859, 16),
( 859, 18),
( 860, 16),
( 860, 18),
( 861, 16),
( 861, 18),
( 862, 16),
( 862,  1),
( 863, 17),
( 864, 14),
( 865,  7),
( 866,  6),
( 866, 11),
( 867,  9),
( 867, 14),
( 868, 18),
( 869, 18),
( 870,  7),
( 871,  5),
( 872,  6),
( 872, 12),
( 873,  6),
( 873, 12),
( 874, 13),
( 875,  6),
( 876, 11),
( 876,  1),
( 877,  5),
( 877, 16),
( 878, 17),
( 879, 17),
( 880,  5),
( 881,  5),
( 881,  6),
( 882,  3),
( 882, 15),
( 883,  3),
( 883,  6),
( 884, 17),
( 884, 15),
( 885, 15),
( 885, 14),
( 886, 15),
( 886, 14),
( 887, 15),
( 887, 14),
( 888, 18),
( 889,  7),
( 890,  8),
( 890, 15),
( 891,  7),
( 892,  7),
( 892, 16),
( 893, 16),
( 894,  5),
( 895, 15),
( 896,  6),
( 897, 14),
( 898, 11),
( 898,  4),
( 899,  1),
( 899, 11),
( 900, 12),
( 900, 13),
( 901,  9),
( 901,  1),
( 902,  3),
( 902, 14),
( 903,  7),
( 903,  8),
( 904, 16),
( 904,  8),
( 905, 18),
( 905, 10),
( 906,  4),
( 907,  4),
( 908,  4),
( 908, 16),
( 909,  2),
( 910,  2),
( 911,  2),
( 911, 14),
( 912,  3),
( 913,  3),
( 914,  3),
( 914,  7),
( 915,  1),
( 916,  1),
( 917, 12),
( 918, 12),
( 919, 12),
( 920, 12),
( 920, 16),
( 921,  5),
( 922,  5),
( 922,  7),
( 923,  5),
( 923,  7),
( 924,  1),
( 925,  1),
( 926, 18),
( 927, 18),
( 928,  4),
( 928,  1),
( 929,  4),
( 929,  1),
( 930,  4),
( 930,  1),
( 931,  1),
( 931, 10),
( 932, 13),
( 933, 13),
( 934, 13),
( 935,  2),
( 936,  2),
( 936, 11),
( 937,  2),
( 937, 14),
( 938,  5),
( 939,  5),
( 940,  5),
( 940, 10),
( 941,  5),
( 941, 10),
( 942, 16),
( 943, 16),
( 944,  8),
( 944,  1),
( 945,  8),
( 945,  1),
( 946,  4),
( 946, 14),
( 947,  4),
( 947, 14),
( 948,  9),
( 948,  4),
( 949,  9),
( 949,  4),
( 950, 13),
( 951,  4),
( 952,  4),
( 952,  2),
( 953, 12),
( 954, 12),
( 954, 11),
( 955, 11),
( 956, 11),
( 957, 18),
( 957, 17),
( 958, 18),
( 958, 17),
( 959, 18),
( 959, 17),
( 960,  3),
( 961,  3),
( 962, 10),
( 962, 16),
( 963,  3),
( 964,  3),
( 965, 17),
( 965,  8),
( 966, 17),
( 966,  8),
( 967, 15),
( 967,  1),
( 968, 17),
( 969, 13),
( 969,  8),
( 970, 13),
( 970,  8),
( 971, 14),
( 972, 14),
( 973, 10),
( 973,  7),
( 974,  6),
( 975,  6),
( 976,  3),
( 976, 11),
( 977,  3),
( 978, 15),
( 978,  3),
( 979,  7),
( 979, 14),
( 980,  8),
( 980,  9),
( 981,  1),
( 981, 11),
( 982,  1),
( 983, 16),
( 983, 17),
( 984,  9),
( 984,  7),
( 985, 18),
( 985, 11),
( 986,  4),
( 986, 16),
( 987, 14),
( 987, 18),
( 988, 12),
( 988,  7),
( 989,  5),
( 989,  9),
( 990,  9),
( 990, 17),
( 991,  6),
( 991,  3),
( 992,  7),
( 992,  5),
( 993, 16),
( 993, 10),
( 994,  2),
( 994,  8),
( 995, 13),
( 995,  5),
( 996, 15),
( 996,  6),
( 997, 15),
( 997,  6),
( 998, 15),
( 998,  6),
( 999, 14),
(1000, 17),
(1000, 14),
(1001, 16),
(1001,  4),
(1002, 16),
(1002,  6),
(1003, 16),
(1003,  9),
(1004, 16),
(1004,  2),
(1005, 15),
(1005, 16),
(1006, 18),
(1006,  7),
(1007,  7),
(1007, 15),
(1008,  5),
(1008, 15),
(1009,  3),
(1009, 15),
(1010,  4),
(1010, 11),
(1011,  4),
(1011, 15),
(1012,  4),
(1012, 14),
(1013,  4),
(1013, 14),
(1014,  8),
(1014,  7),
(1015,  8),
(1015, 11),
(1016,  8),
(1016, 18),
(1017,  4),
(1018, 17),
(1018, 15),
(1019,  4),
(1019, 15),
(1020,  2),
(1020, 15),
(1021,  5),
(1021, 15),
(1022, 13),
(1022, 11),
(1023, 17),
(1023, 11),
(1024,  1),
(1025,  8),
(1025, 14);

/* Tout est validé depuis ici */

INSERT INTO Type_Evolution (nom_Type_Evolution) VALUES
("Niveau"),              -- 1
("Bonheur"),             -- 2
("Attaque"),             -- 3
("Echange"),             -- 4
("Objet_PierreEau"),     -- 5
("Objet_PierreFeu"),     -- 6
("Objet_PierreFoudre"),  -- 7
("Objet_PierreLune"),    -- 8
("Objet_PierrePlante"),  -- 9
("Objet_PierreSoleil"),  -- 10
("Objet_RocheRoyale"),   -- 11
("Objet_PeauMetal"),     -- 12
("Objet_Ameliorator"),   -- 13
("Objet_EcailleDraco"),  -- 14
("Objet_PierreAube"),    -- 15
("Objet_PierreEclat"),   -- 16
("Objet_BelEcaille"),    -- 17
("Objet_TissuFauche"),   -- 18
("Objet_DentOcean"),     -- 19
("Objet_EcailleOcean"),  -- 20
("Objet_PierreOvale"),   -- 21
("Objet_EmblemGeneral"), -- 22
("Objet_SachetSenteur"), -- 23
("Objet_Chantibonbon"),  -- 24
("Objet_PommeAcidulee"), -- 25
("Objet_PommeSucree"),   -- 26
("Objet_PommeNectar"),   -- 27
("Objet_TheiereFelee"),  -- 28
("Objet_Sucre"),        -- 29
("Objet_MetalComposite"),-- 30
("Objet_ArmureFortune"), -- 31
("Objet_ArmureRancune"), -- 32
("Objet_PierreGlace"),   -- 33
("Objet_Piece"),         -- 34
("Objet_BolMediocre");   -- 35














