INSERT INTO `Pokemon` (`Id_Pokemon`, `nom_Pokemon`, `estLegendaire`, `estFabuleux`, `tauxCapture`) VALUES
(152, "Germignon"  , 0, 0, 30),
(153, "Macronium"  , 0, 0, 20),
(154, "Méganium"   , 0, 0,  5),
(155, "Héricendre" , 0, 0, 30),
(156, "Feurisson"  , 0, 0, 20),
(157, "Typhlosion" , 0, 0,  5),
(158, "Kaiminus"   , 0, 0, 30),
(159, "Crocrodil"  , 0, 0, 20),
(160, "Aligatueur" , 0, 0,  5),
(161, "Fouinette"  , 0, 0, 40),
(162, "Fouinar"    , 0, 0, 30),
(163, "Hoothoot"   , 0, 0, 40),
(164, "Noarfang"   , 0, 0, 30),
(165, "Coxy"       , 0, 0, 40),
(166, "Coxyclaque" , 0, 0, 30),
(167, "Mimigal"    , 0, 0, 40),
(168, "Migalos"    , 0, 0, 30),
(169, "Nostenfer"  , 0, 0,  5),
(170, "Loupio"     , 0, 0, 30),
(171, "Lanturn"    , 0, 0, 20),
(172, "Pichu"      , 0, 0, 30),
(173, "Mélo"       , 0, 0, 30),
(174, "Toudoudou"  , 0, 0, 30),
(175, "Togepi"     , 0, 0, 30),
(176, "Togetic"    , 0, 0, 20),
(177, "Natu"       , 0, 0, 30),
(178, "Xatu"       , 0, 0, 20),
(179, "Wattouat"   , 0, 0, 40),
(180, "Lainergie"  , 0, 0, 30),
(181, "Pharamp"    , 0, 0, 20),
(182, "Joliflor"   , 0, 0,  5),
(183, "Marill"     , 0, 0, 30),
(184, "Azumarill"  , 0, 0, 20),
(185, "Simulabre"  , 0, 0,  5),
(186, "Tarpaud"    , 0, 0,  5),
(187, "Granivol"   , 0, 0, 40),
(188, "Floravol"   , 0, 0, 30),
(189, "Cotovol"    , 0, 0, 20),
(190, "Capumain"   , 0, 0, 20),
(191, "Tournegrin" , 0, 0, 30),
(192, "Héliatronc" , 0, 0, 20),
(193, "Yanma"      , 0, 0, 20),
(194, "Axoloto"    , 0, 0, 40),
(195, "Maraiste"   , 0, 0, 30),
(196, "Mentali"    , 0, 0,  5),
(197, "Noctali"    , 0, 0,  5),
(198, "Cornèbre"   , 0, 0, 20),
(199, "Roigada"    , 0, 0,  5),
(200, "Feuforêve"  , 0, 0, 20),
(201, "Zarbi"      , 0, 0,  5),
(202, "Qulbutoké"  , 0, 0, 20),
(203, "Girafarig"  , 0, 0, 20),
(204, "Pomdepik"   , 0, 0, 40),
(205, "Foretress"  , 0, 0, 20),
(206, "Insolourdo" , 0, 0, 20),
(207, "Scorplane"  , 0, 0, 20),
(208, "Steelix"    , 0, 0,  3),
(209, "Snubbull"   , 0, 0, 30),
(210, "Granbull"   , 0, 0, 20),
(211, "Qwilfish"   , 0, 0, 20),
(212, "Cizayox"    , 0, 0,  5),
(213, "Caratroc"   , 0, 0,  5),
(214, "Scarhino"   , 0, 0,  5),
(215, "Farfuret"   , 0, 0, 20),
(216, "Teddiursa"  , 0, 0, 30),
(217, "Ursaring"   , 0, 0, 20),
(218, "Limagma"    , 0, 0, 30),
(219, "Volcaropod" , 0, 0, 20),
(220, "Marcacrin"  , 0, 0, 30),
(221, "Cochignon"  , 0, 0, 20),
(222, "Corayon"    , 0, 0, 20),
(223, "Rémoraid"   , 0, 0, 30),
(224, "Octillery"  , 0, 0, 20),
(225, "Cadoizo"    , 0, 0,  5),
(226, "Démanta"    , 0, 0,  5),
(227, "Airmure"    , 0, 0,  3),
(228, "Malosse"    , 0, 0, 30),
(229, "Démolosse"  , 0, 0, 20),
(230, "Hyporoi"    , 0, 0,  5),
(231, "Phanpy"     , 0, 0, 30),
(232, "Donphan"    , 0, 0, 20),
(233, "Porygon2"   , 0, 0,  5),
(234, "Cerfrousse" , 0, 0, 20),
(235, "Quelorior"  , 0, 0, 20),
(236, "Debugant"   , 0, 0, 20),
(237, "Kapoera"    , 0, 0,  5),
(238, "Lippouti"   , 0, 0, 20),
(239, "Élekid"     , 0, 0, 30),
(240, "Écrémeuh"   , 0, 0,  5),
(241, "Magby"      , 0, 0, 30),
(242, "Leuphorie"  , 0, 0,  5),
(243, "Raikou"     , 1, 0,  3),
(244, "Entei"      , 1, 0,  3),
(245, "Suicune"    , 1, 0,  3),
(246, "Embrylex"   , 0, 0, 20),
(247, "Ymphect"    , 0, 0,  5),
(248, "Tyranocif"  , 0, 0,  3),
(249, "Lugia"      , 1, 0,  2),
(250, "Ho-Oh"      , 1, 0,  2),
(251, "Celebi"     , 0, 1,  2);

INSERT INTO `Est_de_type` (`Id_Pokemon`, `Id_Type`) VALUES
(152,  4),
(153,  4),
(154,  4),
(155,  2),
(156,  2),
(157,  2),
(158,  3),
(159,  3),
(160,  3),
(161,  1),
(162,  1),
(163,  1),
(163, 10),
(164,  1),
(164, 10),
(165, 12),
(165, 10),
(166, 12),
(166, 10),
(167, 12),
(167,  8),
(168, 12),
(168,  8),
(169,  8),
(169, 10),
(170,  3),
(170,  5),
(171,  3),
(171,  5),
(172,  5),
(173, 18),
(174,  1),
(174, 18),
(175, 18),
(176, 18),
(176, 10),
(177, 11),
(177, 10),
(178, 11),
(178, 10),
(179,  5),
(180,  5),
(181,  5),
(182,  4),
(183,  3),
(183, 18),
(184,  3),
(184, 18),
(185, 13),
(186,  3),
(187,  4),
(187, 10),
(188,  4),
(188, 10),
(189,  4),
(189, 10),
(190,  1),
(191,  4),
(192,  4),
(193, 12),
(193, 10),
(194,  3),
(194,  9),
(195,  3),
(195,  9),
(196, 11),
(197, 16),
(198, 16),
(198, 10),
(199,  3),
(199, 11),
(200, 14),
(201, 11),
(202, 11),
(203,  1),
(203, 11),
(204, 12),
(205, 12),
(205, 17),
(206,  1),
(207,  9),
(207, 10),
(208, 17),
(208,  9),
(209, 18),
(210, 18),
(211,  3),
(211,  8),
(212, 12),
(212, 17),
(213, 12),
(213, 13),
(214, 12),
(214,  7),
(215, 16),
(215,  6),
(216,  1),
(217,  1),
(218,  2),
(219,  2),
(219, 13),
(220,  6),
(220,  9),
(221,  6),
(221,  9),
(222,  3),
(222, 13),
(223,  3),
(224,  3),
(225,  6),
(225, 10),
(226,  3),
(226, 10),
(227, 17),
(227, 10),
(228, 16),
(228,  2),
(229, 16),
(229,  2),
(230,  3),
(230, 15),
(231,  9),
(232,  9),
(233,  1),
(234,  1),
(235,  1),
(236,  7),
(237,  7),
(238,  6),
(238, 11),
(239,  5),
(240,  1),
(241,  2),
(242,  1),
(243,  5),
(244,  2),
(245,  3),
(246, 13),
(246,  9),
(247, 13),
(247,  9),
(248, 13),
(248, 16),
(249, 11),
(249, 10),
(250,  2),
(250, 10),
(251, 11),
(251,  4);

INSERT INTO Type_Evolution (nom_Type_Evolution) VALUES
("Objet_PierreSoleil"), -- 10
("Objet_RocheRoyale"),  -- 11
("Objet_PeauMetal"),    -- 12
("Objet_Ameliorator"),  -- 13
("Objet_EcailleDraco"); -- 14

INSERT INTO `Objet` (nomObjet, prix, Id_Type_Evolution) VALUES
("Pierre Soleil"   , 1500, 10), 
("Roche Royale"    , 2000, 11), 
("Peau Metal"      , 2000, 12), 
("Ameliorator"     , 2000, 13), 
("Ecaille Draco"   , 2000, 14),
("Noeud Destin"    , 1200,  2); 

UPDATE Evolution SET stade_Evolution = 1 WHERE id_Pokemon_Evoluant = 41;
UPDATE Evolution SET stade_Evolution = 1 WHERE id_Pokemon_Evoluant = 116;

INSERT INTO Evolution VALUES
(152, 153, 1,  1),
(153, 154, 2,  1),
(155, 156, 1,  1),
(156, 157, 2,  1),
(158, 159, 1,  1),
(159, 160, 2,  1),
(161, 162, 2,  1),
(163, 164, 2,  1),
(165, 166, 1,  1),
(167, 168, 1,  1),
( 42, 169, 2,  2),
(170, 171, 2,  1),
(172,  25, 1,  2),
(173,  35, 1,  2),
(174,  39, 1,  2),
(175, 176, 2,  2),
(177, 178, 2,  1),
(179, 180, 1,  1),
(180, 181, 2,  1),
( 44, 182, 2, 10),
(183, 184, 2,  1),
( 61, 186, 2, 11),
(187, 188, 1,  1),
(188, 189, 2,  1),
(191, 192, 2, 10),
(194, 195, 2,  1),
(133, 196, 2,  2),
(133, 197, 2,  2),
( 79, 199, 2, 11),
(204, 205, 2,  1),
( 95, 208, 2, 12),
(209, 210, 2,  1),
(123, 212, 2, 12),
(216, 217, 2,  1),
(218, 219, 2,  1),
(220, 221, 2,  1),
(223, 224, 2,  1),
(228, 229, 2,  1),
(117, 230, 2,  1),
(231, 232, 2,  1),
(137, 233, 2, 13),
(236, 106, 2,  1),
(236, 107, 2,  1),
(236, 237, 2,  1),
(238, 124, 2,  1),
(239, 125, 2,  1),
(240, 126, 2,  1),
(113, 242, 2,  2),
(246, 247, 2,  1),
(247, 148, 3,  1);